1	Шилов	Вольдемар	Степанович	1971.01.12	2006.08.15	72395268581	 NULL
2	Мясников	Власий	Лаврентьевич	1971.08.22	2010.08.03	74313959893	1516.jpg
3	Макаров	Овидий	Вячеславович	1966.10.15	2017.08.30	72408780446	1534.jpg
4	Рябов	Валентин	Миронович	1962.12.27	2015.12.15	74835978677	1533.jpg
5	Архипов	Валентин	Богуславович	1970.04.20	2011.05.07	74335854852	 NULL
6	Федосеев	Август	Аристархович	1978.09.05	2019.10.05	77034079135	1522.png
7	Козлов	Азарий	Владимирович	1989.02.19	2016.08.31	78233639890	1529.jpg
8	Кондратьев	Владислав	Агафонович	1900.04.19	2004.04.13	79636651404	 NULL
9	Лапин	Альфред	Александрович	1946.10.18	2006.10.06	76964051675	 NULL
10	Тимофеев	Май	Филиппович	1981.09.18	2002.03.07	76879993820	1528.jpg
11	Сидоров	Арсений	Богуславович	1984.06.27	2011.03.30	76725944905	1523.jpg
12	Самсонов	Егор	Тимофеевич	1957.06.01	2002.09.06	73212213972	 NULL
13	Журавлёв	Панкрат	Валерьянович	1989.10.23	2000.01.01	76822331279	1530.jpg
14	Жуков	Виталий	Проклович	1950.08.06	2012.10.06	79086857364	 NULL
15	Якушев	Гордий	Гордеевич	1945.10.08	2001.09.28	73159914146	 NULL
16	Симонова	Сильвия	Валерьевна	1995.12.18	2011.08.29	75088998925	1523.jpg
17	Дмитриева	Вероника	Прокловна	1903.09.14	2013.05.19	75733658275	1539.png
18	Панова	Марина	Викторовна	1972.04.28	2009.04.09	74174949551	 NULL
19	Афанасьева	Дарина	Львовна	1953.05.23	2002.10.16	79524356193	1540.jpg
20	Шубина	Мелитта	Тарасовна	1979.04.18	2005.10.16	73844943348	 NULL
21	Белякова	Элла	Игнатьевна	1951.01.17	2015.04.09	79415055072	 NULL
22	Осипова	Индира	Оскаровна	1980.04.20	2013.04.30	73638181704	1524.jpg
23	Ефремова	Анна	Николаевна	1967.01.06	2006.10.24	79846569270	1519.png
24	Симонова	Герда	Наумовна	1900.07.08	2002.12.18	78834311942	 NULL
25	Авдеева	Нега	Евгеньевна	1955.06.15	2010.05.23	73646105674	1524.jpg
26	Никифорова	Алиса	Робертовна	1978.08.11	2014.11.20	77078621461	 NULL
27	Семёнова	Габриэлла	Иринеевна	1989.03.06	2015.10.09	76957607539	 NULL
28	Авдеева	Таисия	Анатольевна	1969.03.05	2003.02.08	75735967547	1520.png
29	Мухина	Доминика	Лукьяновна	1952.01.15	2015.07.07	73377129774	 NULL
30	Муравьёва	Римма	Максовна	1978.06.06	2010.04.03	72609354957	 NULL
